Order NO,Distribution Center,Customer Code,Customer Name,TP,VAT,Discount,Net Payable,Create Date,Create By,DZSM Name,AM Name,MIO Name,Group Code,Group,Zone Code,Zone,Area Code,Area,Territory Code,Territory,Sub-Territory Code,Sub-Territory,Market Code,Market,Distribution Route,Approval Status,
ODR-22062310053,Dhaka Distribution Center,C152284,Ma Medical Hall,4858.20,845.340,242.910,5460.630,23-Jun-2022 12:02 PM,51611 : Md. Lokman,50990 : Mohammad Salah Uddin,51896 : Mirza Mahbubul Haque Sadi,51611 : Md. Lokman,NT-100,National,DK-100,Dhaka,DK-110,Dhaka,DK-113,Dhamrai,Sub_TERI-12637,Dhamrai,MAR-12636,Dhamrai,Dhamrai,Approved,
ODR-22062310054,Dhaka Distribution Center,C147413,Boishakhi Pharmacy,449.76,78.260,8.995,519.025,23-Jun-2022 12:03 PM,51611 : Md. Lokman,50990 : Mohammad Salah Uddin,51896 : Mirza Mahbubul Haque Sadi,51611 : Md. Lokman,NT-100,National,DK-100,Dhaka,DK-110,Dhaka,DK-113,Dhamrai,Sub_TERI-12637,Dhamrai,MAR-12636,Dhamrai,Dhamrai,Approved,
ODR-22062310001,Dhaka Distribution Center,C2201571,Tahsin Pharmacy,3141.78,546.690,157.089,3531.381,23-Jun-2022 09:13 AM,51611 : Md. Lokman,50990 : Mohammad Salah Uddin,51896 : Mirza Mahbubul Haque Sadi,51611 : Md. Lokman,NT-100,National,DK-100,Dhaka,DK-110,Dhaka,DK-113,Dhamrai,Sub_TERI-12637,Dhamrai,MAR-12636,Dhamrai,Dhamrai,Approved,
ODR-22062310002,Dhaka Distribution Center,C2188188,Khan Medicine Center,1057.14,183.950,21.143,1219.947,23-Jun-2022 09:14 AM,51611 : Md. Lokman,50990 : Mohammad Salah Uddin,51896 : Mirza Mahbubul Haque Sadi,51611 : Md. Lokman,NT-100,National,DK-100,Dhaka,DK-110,Dhaka,DK-113,Dhamrai,Sub_TERI-12637,Dhamrai,MAR-12636,Dhamrai,Dhamrai,Approved,
ODR-22062310003,Dhaka Distribution Center,C1436437,Maa Pharmacy,1124.40,195.650,22.488,1297.562,23-Jun-2022 09:14 AM,51611 : Md. Lokman,50990 : Mohammad Salah Uddin,51896 : Mirza Mahbubul Haque Sadi,51611 : Md. Lokman,NT-100,National,DK-100,Dhaka,DK-110,Dhaka,DK-113,Dhamrai,Sub_TERI-12637,Dhamrai,MAR-12636,Dhamrai,Dhamrai,Approved,
ODR-22062310004,Dhaka Distribution Center,C8188,Dhantara Pha,4588.56,798.500,229.428,5157.632,23-Jun-2022 09:22 AM,51611 : Md. Lokman,50990 : Mohammad Salah Uddin,51896 : Mirza Mahbubul Haque Sadi,51611 : Md. Lokman,NT-100,National,DK-100,Dhaka,DK-110,Dhaka,DK-113,Dhamrai,Sub_TERI-12637,Dhamrai,MAR-12636,Dhamrai,Dhamrai,Approved,
ODR-22062310005,Dhaka Distribution Center,C8179,Polli Jononi Pharmacy,12896.16,2244.030,644.808,14495.382,23-Jun-2022 09:22 AM,51611 : Md. Lokman,50990 : Mohammad Salah Uddin,51896 : Mirza Mahbubul Haque Sadi,51611 : Md. Lokman,NT-100,National,DK-100,Dhaka,DK-110,Dhaka,DK-113,Dhamrai,Sub_TERI-12637,Dhamrai,MAR-12636,Dhamrai,Dhamrai,Approved,
ODR-22062310006,Dhaka Distribution Center,C138141,Tonmoy Pharmacy,1124.40,195.650,22.488,1297.562,23-Jun-2022 09:22 AM,51611 : Md. Lokman,50990 : Mohammad Salah Uddin,51896 : Mirza Mahbubul Haque Sadi,51611 : Md. Lokman,NT-100,National,DK-100,Dhaka,DK-110,Dhaka,DK-113,Dhamrai,Sub_TERI-12637,Dhamrai,MAR-12636,Dhamrai,Dhamrai,Approved,
ODR-22062310042,Dhaka Distribution Center,C12493,Rawshanara Pha,3600.00,626.400,180.000,4046.400,23-Jun-2022 11:08 AM,51611 : Md. Lokman,50990 : Mohammad Salah Uddin,51896 : Mirza Mahbubul Haque Sadi,51611 : Md. Lokman,NT-100,National,DK-100,Dhaka,DK-110,Dhaka,DK-113,Dhamrai,Sub_TERI-12637,Dhamrai,MAR-12636,Dhamrai,Dhamrai,Approved,
ODR-22062310056,Bogura Distribution Center,C156404,Niramoy Pharmacy,2700.00,469.800,0.000,3169.800,23-Jun-2022 12:38 PM,51416 : Md. Shahjahan Kabir,50742 : Md. Habibur Rahman Masud,50755 : Md. Iqbal Hossain,51416 : Md. Shahjahan Kabir,NT-100,National,BG-100,Bogura,BG-110,Bogura,BG-114,Gaibandha-1,Sub_TERI-12489,Gaibandha-1,MAR-12488,Gaibandha-1,Gaibandha-1,Approved,
ODR-22062310057,Bogura Distribution Center,C158561,Abdullah Medical Store,2160.00,375.840,0.000,2535.840,23-Jun-2022 12:38 PM,51416 : Md. Shahjahan Kabir,50742 : Md. Habibur Rahman Masud,50755 : Md. Iqbal Hossain,51416 : Md. Shahjahan Kabir,NT-100,National,BG-100,Bogura,BG-110,Bogura,BG-114,Gaibandha-1,Sub_TERI-12489,Gaibandha-1,MAR-12488,Gaibandha-1,Gaibandha-1,Approved,
ODR-22062310058,Bogura Distribution Center,C2195199,Arthi Medical Store,862.50,150.090,17.250,995.340,23-Jun-2022 12:40 PM,51416 : Md. Shahjahan Kabir,50742 : Md. Habibur Rahman Masud,50755 : Md. Iqbal Hossain,51416 : Md. Shahjahan Kabir,NT-100,National,BG-100,Bogura,BG-110,Bogura,BG-114,Gaibandha-1,Sub_TERI-12489,Gaibandha-1,MAR-12488,Gaibandha-1,Gaibandha-1,Approved,
ODR-22062310059,Bogura Distribution Center,C2204345,Labib Medicin Corner,8100.00,1409.400,0.000,9509.400,23-Jun-2022 12:41 PM,51416 : Md. Shahjahan Kabir,50742 : Md. Habibur Rahman Masud,50755 : Md. Iqbal Hossain,51416 : Md. Shahjahan Kabir,NT-100,National,BG-100,Bogura,BG-110,Bogura,BG-114,Gaibandha-1,Sub_TERI-12489,Gaibandha-1,MAR-12488,Gaibandha-1,Gaibandha-1,Approved,
ODR-22062310060,Bogura Distribution Center,C1433771,Aroggo Medicin Center,900.00,156.600,0.000,1056.600,23-Jun-2022 12:41 PM,51416 : Md. Shahjahan Kabir,50742 : Md. Habibur Rahman Masud,50755 : Md. Iqbal Hossain,51416 : Md. Shahjahan Kabir,NT-100,National,BG-100,Bogura,BG-110,Bogura,BG-114,Gaibandha-1,Sub_TERI-12489,Gaibandha-1,MAR-12488,Gaibandha-1,Gaibandha-1,Approved,
ODR-22062310061,Bogura Distribution Center,C2186062,Jisan Medical Store,3936.30,685.000,196.815,4424.485,23-Jun-2022 12:41 PM,51416 : Md. Shahjahan Kabir,50742 : Md. Habibur Rahman Masud,50755 : Md. Iqbal Hossain,51416 : Md. Shahjahan Kabir,NT-100,National,BG-100,Bogura,BG-110,Bogura,BG-114,Gaibandha-1,Sub_TERI-12489,Gaibandha-1,MAR-12488,Gaibandha-1,Gaibandha-1,Approved,
ODR-22062310062,Bogura Distribution Center,C151347,Al-Sifa Medical Hall,2977.36,518.070,9.148,3486.282,23-Jun-2022 12:41 PM,51416 : Md. Shahjahan Kabir,50742 : Md. Habibur Rahman Masud,50755 : Md. Iqbal Hossain,51416 : Md. Shahjahan Kabir,NT-100,National,BG-100,Bogura,BG-110,Bogura,BG-114,Gaibandha-1,Sub_TERI-12489,Gaibandha-1,MAR-12488,Gaibandha-1,Gaibandha-1,Approved,
ODR-22062310063,Bogura Distribution Center,C155582,Sonjit Medical Store,3039.82,529.070,151.991,3416.899,23-Jun-2022 12:42 PM,51416 : Md. Shahjahan Kabir,50742 : Md. Habibur Rahman Masud,50755 : Md. Iqbal Hossain,51416 : Md. Shahjahan Kabir,NT-100,National,BG-100,Bogura,BG-110,Bogura,BG-114,Gaibandha-1,Sub_TERI-12489,Gaibandha-1,MAR-12488,Gaibandha-1,Gaibandha-1,Approved,
ODR-22062310064,Bogura Distribution Center,C158561,Abdullah Medical Store,2160.00,375.840,0.000,2535.840,23-Jun-2022 12:45 PM,51416 : Md. Shahjahan Kabir,50742 : Md. Habibur Rahman Masud,50755 : Md. Iqbal Hossain,51416 : Md. Shahjahan Kabir,NT-100,National,BG-100,Bogura,BG-110,Bogura,BG-114,Gaibandha-1,Sub_TERI-12489,Gaibandha-1,MAR-12488,Gaibandha-1,Gaibandha-1,Approved,
ODR-22062310065,Bogura Distribution Center,C2195199,Arthi Medical Store,1387.50,241.450,27.750,1601.200,23-Jun-2022 12:46 PM,51416 : Md. Shahjahan Kabir,50742 : Md. Habibur Rahman Masud,50755 : Md. Iqbal Hossain,51416 : Md. Shahjahan Kabir,NT-100,National,BG-100,Bogura,BG-110,Bogura,BG-114,Gaibandha-1,Sub_TERI-12489,Gaibandha-1,MAR-12488,Gaibandha-1,Gaibandha-1,Approved,
ODR-22062310066,Bogura Distribution Center,C2188828,G.M Pharmacy,2925.00,508.950,0.000,3433.950,23-Jun-2022 12:55 PM,51416 : Md. Shahjahan Kabir,50742 : Md. Habibur Rahman Masud,50755 : Md. Iqbal Hossain,51416 : Md. Shahjahan Kabir,NT-100,National,BG-100,Bogura,BG-110,Bogura,BG-114,Gaibandha-1,Sub_TERI-12489,Gaibandha-1,MAR-12488,Gaibandha-1,Gaibandha-1,Approved,
ODR-22062310008,Bogura Distribution Center,C1809,R.S Medical Hall,3022.14,525.920,63.664,3484.396,23-Jun-2022 10:02 AM,51640 : Md. Shariful Islam Mondal ,50742 : Md. Habibur Rahman Masud,50755 : Md. Iqbal Hossain,51640 : Md. Shariful Islam Mondal ,NT-100,National,BG-100,Bogura,BG-110,Bogura,BG-115,Gaibandha-2,Sub_TERI-12490,Gaibandha-2,MAR-12489,Gaibandha-2,Gaibandha-2,Approved,
ODR-22062310009,Bogura Distribution Center,C155576,Masud Medical Store,1260.00,219.240,0.000,1479.240,23-Jun-2022 10:02 AM,51640 : Md. Shariful Islam Mondal ,50742 : Md. Habibur Rahman Masud,50755 : Md. Iqbal Hossain,51640 : Md. Shariful Islam Mondal ,NT-100,National,BG-100,Bogura,BG-110,Bogura,BG-115,Gaibandha-2,Sub_TERI-12490,Gaibandha-2,MAR-12489,Gaibandha-2,Gaibandha-2,Approved,
ODR-22062310010,Bogura Distribution Center,C156401,Rahi Medicine Corner,900.00,156.600,0.000,1056.600,23-Jun-2022 10:03 AM,51640 : Md. Shariful Islam Mondal ,50742 : Md. Habibur Rahman Masud,50755 : Md. Iqbal Hossain,51640 : Md. Shariful Islam Mondal ,NT-100,National,BG-100,Bogura,BG-110,Bogura,BG-115,Gaibandha-2,Sub_TERI-12490,Gaibandha-2,MAR-12489,Gaibandha-2,Gaibandha-2,Approved,
ODR-22062310011,Bogura Distribution Center,C132788,Mizan Medical,697.44,121.380,13.949,804.871,23-Jun-2022 10:06 AM,51640 : Md. Shariful Islam Mondal ,50742 : Md. Habibur Rahman Masud,50755 : Md. Iqbal Hossain,51640 : Md. Shariful Islam Mondal ,NT-100,National,BG-100,Bogura,BG-110,Bogura,BG-115,Gaibandha-2,Sub_TERI-12490,Gaibandha-2,MAR-12489,Gaibandha-2,Gaibandha-2,Approved,
ODR-22062310012,Bogura Distribution Center,C154100,A H Medical Store,382.50,66.570,7.650,441.420,23-Jun-2022 10:08 AM,51640 : Md. Shariful Islam Mondal ,50742 : Md. Habibur Rahman Masud,50755 : Md. Iqbal Hossain,51640 : Md. Shariful Islam Mondal ,NT-100,National,BG-100,Bogura,BG-110,Bogura,BG-115,Gaibandha-2,Sub_TERI-12490,Gaibandha-2,MAR-12489,Gaibandha-2,Gaibandha-2,Approved,
ODR-22062310013,Bogura Distribution Center,C132787,Mahin Medical,2385.00,414.990,29.700,2770.290,23-Jun-2022 10:09 AM,51640 : Md. Shariful Islam Mondal ,50742 : Md. Habibur Rahman Masud,50755 : Md. Iqbal Hossain,51640 : Md. Shariful Islam Mondal ,NT-100,National,BG-100,Bogura,BG-110,Bogura,BG-115,Gaibandha-2,Sub_TERI-12490,Gaibandha-2,MAR-12489,Gaibandha-2,Gaibandha-2,Approved,
ODR-22062310014,Bogura Distribution Center,C2422,Mukti Pharmacy,900.00,156.600,0.000,1056.600,23-Jun-2022 10:10 AM,51640 : Md. Shariful Islam Mondal ,50742 : Md. Habibur Rahman Masud,50755 : Md. Iqbal Hossain,51640 : Md. Shariful Islam Mondal ,NT-100,National,BG-100,Bogura,BG-110,Bogura,BG-115,Gaibandha-2,Sub_TERI-12490,Gaibandha-2,MAR-12489,Gaibandha-2,Gaibandha-2,Approved,
ODR-22062310015,Bogura Distribution Center,C2418,Mono Medical Store,1282.20,223.110,3.144,1502.166,23-Jun-2022 10:10 AM,51640 : Md. Shariful Islam Mondal ,50742 : Md. Habibur Rahman Masud,50755 : Md. Iqbal Hossain,51640 : Md. Shariful Islam Mondal ,NT-100,National,BG-100,Bogura,BG-110,Bogura,BG-115,Gaibandha-2,Sub_TERI-12490,Gaibandha-2,MAR-12489,Gaibandha-2,Gaibandha-2,Approved,
ODR-22062310016,Bogura Distribution Center,C4000643,MAA MEDICIN STORE 02,1578.10,274.630,47.343,1805.387,23-Jun-2022 10:14 AM,51640 : Md. Shariful Islam Mondal ,50742 : Md. Habibur Rahman Masud,50755 : Md. Iqbal Hossain,51640 : Md. Shariful Islam Mondal ,NT-100,National,BG-100,Bogura,BG-110,Bogura,BG-115,Gaibandha-2,50042,Sundarganj,MAR-11977,Sundarganj,Gaibandha-2,Approved,
ODR-22062310017,Bogura Distribution Center,C155577,Nahar Medical Store,479.50,83.450,9.590,553.360,23-Jun-2022 10:14 AM,51640 : Md. Shariful Islam Mondal ,50742 : Md. Habibur Rahman Masud,50755 : Md. Iqbal Hossain,51640 : Md. Shariful Islam Mondal ,NT-100,National,BG-100,Bogura,BG-110,Bogura,BG-115,Gaibandha-2,Sub_TERI-12490,Gaibandha-2,MAR-12489,Gaibandha-2,Gaibandha-2,Approved,
ODR-22062310018,Bogura Distribution Center,C154103,Anowara Pharmacy,2587.29,450.210,11.246,3026.254,23-Jun-2022 10:15 AM,51640 : Md. Shariful Islam Mondal ,50742 : Md. Habibur Rahman Masud,50755 : Md. Iqbal Hossain,51640 : Md. Shariful Islam Mondal ,NT-100,National,BG-100,Bogura,BG-110,Bogura,BG-115,Gaibandha-2,Sub_TERI-12490,Gaibandha-2,MAR-12489,Gaibandha-2,Gaibandha-2,Approved,
ODR-22062310019,Bogura Distribution Center,C158683,Golam Moula Medical,885.00,154.000,17.700,1021.300,23-Jun-2022 10:16 AM,51640 : Md. Shariful Islam Mondal ,50742 : Md. Habibur Rahman Masud,50755 : Md. Iqbal Hossain,51640 : Md. Shariful Islam Mondal ,NT-100,National,BG-100,Bogura,BG-110,Bogura,BG-115,Gaibandha-2,Sub_TERI-12490,Gaibandha-2,MAR-12489,Gaibandha-2,Gaibandha-2,Approved,
ODR-22062310020,Bogura Distribution Center,C143828,Reza Medical,2103.30,365.990,63.099,2406.191,23-Jun-2022 10:17 AM,51640 : Md. Shariful Islam Mondal ,50742 : Md. Habibur Rahman Masud,50755 : Md. Iqbal Hossain,51640 : Md. Shariful Islam Mondal ,NT-100,National,BG-100,Bogura,BG-110,Bogura,BG-115,Gaibandha-2,Sub_TERI-12490,Gaibandha-2,MAR-12489,Gaibandha-2,Gaibandha-2,Approved,
ODR-22062310033,Bogura Distribution Center,C1846,Ma Medical,540.00,93.960,10.800,623.160,23-Jun-2022 10:44 AM,51640 : Md. Shariful Islam Mondal ,50742 : Md. Habibur Rahman Masud,50755 : Md. Iqbal Hossain,51640 : Md. Shariful Islam Mondal ,NT-100,National,BG-100,Bogura,BG-110,Bogura,BG-115,Gaibandha-2,Sub_TERI-12490,Gaibandha-2,MAR-12489,Gaibandha-2,Gaibandha-2,Approved,
ODR-22062310034,Bogura Distribution Center,C2177,Sathi Medical Store,607.44,105.720,12.149,701.011,23-Jun-2022 10:44 AM,51640 : Md. Shariful Islam Mondal ,50742 : Md. Habibur Rahman Masud,50755 : Md. Iqbal Hossain,51640 : Md. Shariful Islam Mondal ,NT-100,National,BG-100,Bogura,BG-110,Bogura,BG-115,Gaibandha-2,Sub_TERI-12490,Gaibandha-2,MAR-12489,Gaibandha-2,Gaibandha-2,Approved,
ODR-22062310035,Bogura Distribution Center,C156397,Esha Medicine Corner,450.00,78.300,9.000,519.300,23-Jun-2022 10:45 AM,51640 : Md. Shariful Islam Mondal ,50742 : Md. Habibur Rahman Masud,50755 : Md. Iqbal Hossain,51640 : Md. Shariful Islam Mondal ,NT-100,National,BG-100,Bogura,BG-110,Bogura,BG-115,Gaibandha-2,Sub_TERI-12490,Gaibandha-2,MAR-12489,Gaibandha-2,Gaibandha-2,Approved,
ODR-22062310037,Bogura Distribution Center,C151345,Sarker Medical,2272.20,395.370,68.166,2599.404,23-Jun-2022 10:46 AM,51640 : Md. Shariful Islam Mondal ,50742 : Md. Habibur Rahman Masud,50755 : Md. Iqbal Hossain,51640 : Md. Shariful Islam Mondal ,NT-100,National,BG-100,Bogura,BG-110,Bogura,BG-115,Gaibandha-2,Sub_TERI-12490,Gaibandha-2,MAR-12489,Gaibandha-2,Gaibandha-2,Approved,
ODR-22062310038,Bogura Distribution Center,C143833,Rumon Medical,540.00,93.970,10.800,623.170,23-Jun-2022 10:46 AM,51640 : Md. Shariful Islam Mondal ,50742 : Md. Habibur Rahman Masud,50755 : Md. Iqbal Hossain,51640 : Md. Shariful Islam Mondal ,NT-100,National,BG-100,Bogura,BG-110,Bogura,BG-115,Gaibandha-2,Sub_TERI-12490,Gaibandha-2,MAR-12489,Gaibandha-2,Gaibandha-2,Approved,
ODR-22062310039,Bogura Distribution Center,C2186686,Oishi Medical Corner,622.48,108.320,12.450,718.350,23-Jun-2022 10:47 AM,51640 : Md. Shariful Islam Mondal ,50742 : Md. Habibur Rahman Masud,50755 : Md. Iqbal Hossain,51640 : Md. Shariful Islam Mondal ,NT-100,National,BG-100,Bogura,BG-110,Bogura,BG-115,Gaibandha-2,Sub_TERI-12490,Gaibandha-2,MAR-12489,Gaibandha-2,Gaibandha-2,Approved,
ODR-22062310040,Bogura Distribution Center,C138815,Asad Medical Store,292.44,50.910,5.849,337.501,23-Jun-2022 10:48 AM,51640 : Md. Shariful Islam Mondal ,50742 : Md. Habibur Rahman Masud,50755 : Md. Iqbal Hossain,51640 : Md. Shariful Islam Mondal ,NT-100,National,BG-100,Bogura,BG-110,Bogura,BG-115,Gaibandha-2,Sub_TERI-12490,Gaibandha-2,MAR-12489,Gaibandha-2,Gaibandha-2,Approved,
ODR-22062310041,Bogura Distribution Center,C136853,Ideal Pharmacy,1544.16,268.770,46.324,1766.606,23-Jun-2022 10:52 AM,51640 : Md. Shariful Islam Mondal ,50742 : Md. Habibur Rahman Masud,50755 : Md. Iqbal Hossain,51640 : Md. Shariful Islam Mondal ,NT-100,National,BG-100,Bogura,BG-110,Bogura,BG-115,Gaibandha-2,Sub_TERI-12490,Gaibandha-2,MAR-12489,Gaibandha-2,Gaibandha-2,Approved,
ODR-22062310051,Mymensingh Distribution Center,C159016,Modina Pharmacy,2520.00,438.480,0.000,2958.480,23-Jun-2022 11:45 AM,51403 : Sukumar Chandra Das,50990 : Mohammad Salah Uddin,50811 : Md. Suzan Mia,51403 : Sukumar Chandra Das,NT-100,National,DK-100,Dhaka,DK-150,Jamalpur,DK-154,Jinaigati,Sub_TERI-12665,Jinaigati,MAR-12664,Jinaigati,Jhenaigati,Approved,
ODR-22062310024,Mymensingh Distribution Center,C2192756,Oppi Medical Hall,1064.88,185.290,21.298,1228.872,23-Jun-2022 10:41 AM,51403 : Sukumar Chandra Das,50990 : Mohammad Salah Uddin,50811 : Md. Suzan Mia,51403 : Sukumar Chandra Das,NT-100,National,DK-100,Dhaka,DK-150,Jamalpur,DK-154,Jinaigati,Sub_TERI-12665,Jinaigati,MAR-12664,Jinaigati,Jhenaigati,Approved,
ODR-22062310025,Mymensingh Distribution Center,C156366,Mehedi Pharmacy,3900.00,678.600,195.000,4383.600,23-Jun-2022 10:41 AM,51403 : Sukumar Chandra Das,50990 : Mohammad Salah Uddin,50811 : Md. Suzan Mia,51403 : Sukumar Chandra Das,NT-100,National,DK-100,Dhaka,DK-150,Jamalpur,DK-154,Jinaigati,Sub_TERI-12665,Jinaigati,MAR-12664,Jinaigati,Jhenaigati,Approved,
ODR-22062310026,Mymensingh Distribution Center,C2203893,Smrity Medical Hall,2760.00,480.240,30.000,3210.240,23-Jun-2022 10:41 AM,51403 : Sukumar Chandra Das,50990 : Mohammad Salah Uddin,50811 : Md. Suzan Mia,51403 : Sukumar Chandra Das,NT-100,National,DK-100,Dhaka,DK-150,Jamalpur,DK-154,Jinaigati,Sub_TERI-12665,Jinaigati,MAR-12664,Jinaigati,Jhenaigati,Approved,
ODR-22062310027,Mymensingh Distribution Center,C5171,Sarker Medical Hall,900.00,156.600,0.000,1056.600,23-Jun-2022 10:42 AM,51403 : Sukumar Chandra Das,50990 : Mohammad Salah Uddin,50811 : Md. Suzan Mia,51403 : Sukumar Chandra Das,NT-100,National,DK-100,Dhaka,DK-150,Jamalpur,DK-154,Jinaigati,Sub_TERI-12665,Jinaigati,MAR-12664,Jinaigati,Jhenaigati,Approved,
ODR-22062310007,Sylhet Distribution Center,C2193235,Shahporan Pharmacy,630.00,109.620,12.600,727.020,23-Jun-2022 09:38 AM,52103 : Md. Suhel Uddin,51068 : Kazi Ziea Uddin Bablu,51596 : Dulal Mia,52103 : Md. Suhel Uddin,NT-100,National,SL-100,Sylhet,SL-150,Sylhet-B,SL-151,Sylhet-B1,Sub_TERI-12760,Sylhet-B1,MAR-12759,Sylhet-B1,Companyganj,Approved,
ODR-22062310022,Cumilla Distribution Center,C153683,Rishad Pharmacy,1191.60,207.360,23.832,1375.128,23-Jun-2022 10:31 AM,50869 : Habibur Rahman,51580 : Subrata Chandra Das   ,51597 : Md. Rakibul Hassan,50869 : Habibur Rahman,NT-100,National,CT-100,Chattogram,CT-160,Laxmipur,CT-164,Chatkhil,Sub_TERI-12624,Chatkhil,MAR-12623,Chatkhil,Chatkhil,Approved,
ODR-22062310023,Cumilla Distribution Center,C2844,Dulal Pharmacy,1350.00,234.900,27.000,1557.900,23-Jun-2022 10:32 AM,50869 : Habibur Rahman,51580 : Subrata Chandra Das   ,51597 : Md. Rakibul Hassan,50869 : Habibur Rahman,NT-100,National,CT-100,Chattogram,CT-160,Laxmipur,CT-164,Chatkhil,Sub_TERI-12624,Chatkhil,MAR-12623,Chatkhil,Chatkhil,Approved,
ODR-22062310045,Cumilla Distribution Center,C148327,Seba Medical Hall,8550.00,1487.700,0.000,10037.700,23-Jun-2022 11:36 AM,51221 : Md. Noor Islam,51580 : Subrata Chandra Das   ,50756 : Mohammad Mostafa Kamal,51221 : Md. Noor Islam,NT-100,National,CT-100,Chattogram,CT-150,Maizdee,CT-155,Chowmohoni,Sub_TERI-12618,Chowmohoni,MAR-12617,Chowmohoni,Chowmuhani,Approved,
ODR-22062310046,Cumilla Distribution Center,C2198702,Sujon Medical Hall,4724.10,822.170,173.205,5373.065,23-Jun-2022 11:37 AM,51221 : Md. Noor Islam,51580 : Subrata Chandra Das   ,50756 : Mohammad Mostafa Kamal,51221 : Md. Noor Islam,NT-100,National,CT-100,Chattogram,CT-150,Maizdee,CT-155,Chowmohoni,Sub_TERI-12618,Chowmohoni,MAR-12617,Chowmohoni,Chowmuhani,Approved,
ODR-22062310047,Cumilla Distribution Center,C2201093,Al Modina Medical Hall,1080.00,187.920,21.600,1246.320,23-Jun-2022 11:37 AM,51221 : Md. Noor Islam,51580 : Subrata Chandra Das   ,50756 : Mohammad Mostafa Kamal,51221 : Md. Noor Islam,NT-100,National,CT-100,Chattogram,CT-150,Maizdee,CT-155,Chowmohoni,Sub_TERI-12618,Chowmohoni,MAR-12617,Chowmohoni,Chowmuhani,Approved,
ODR-22062310048,Cumilla Distribution Center,C2197638,Ahmed Medical Hall,1080.00,187.920,21.600,1246.320,23-Jun-2022 11:37 AM,51221 : Md. Noor Islam,51580 : Subrata Chandra Das   ,50756 : Mohammad Mostafa Kamal,51221 : Md. Noor Islam,NT-100,National,CT-100,Chattogram,CT-150,Maizdee,CT-155,Chowmohoni,Sub_TERI-12618,Chowmohoni,MAR-12617,Chowmohoni,Chowmuhani,Approved,
ODR-22062310049,Cumilla Distribution Center,C144756,Matri Pharmacy,600.00,104.400,12.000,692.400,23-Jun-2022 11:37 AM,51221 : Md. Noor Islam,51580 : Subrata Chandra Das   ,50756 : Mohammad Mostafa Kamal,51221 : Md. Noor Islam,NT-100,National,CT-100,Chattogram,CT-150,Maizdee,CT-155,Chowmohoni,Sub_TERI-12618,Chowmohoni,MAR-12617,Chowmohoni,Chowmuhani,Approved,
ODR-22062310050,Cumilla Distribution Center,C148326,Amullo Rating Pharmacy,1994.64,347.070,59.839,2281.871,23-Jun-2022 11:38 AM,51221 : Md. Noor Islam,51580 : Subrata Chandra Das   ,50756 : Mohammad Mostafa Kamal,51221 : Md. Noor Islam,NT-100,National,CT-100,Chattogram,CT-150,Maizdee,CT-155,Chowmohoni,Sub_TERI-12618,Chowmohoni,MAR-12617,Chowmohoni,Chowmuhani,Approved,
ODR-22062310028,Cumilla Distribution Center,C2195223,Anjoli Medical Hall,1080.00,187.920,21.600,1246.320,23-Jun-2022 10:42 AM,51704 : Md. Robeul Islam,51580 : Subrata Chandra Das   ,51597 : Md. Rakibul Hassan,51704 : Md. Robeul Islam,NT-100,National,CT-100,Chattogram,CT-160,Laxmipur,CT-161,Laxmipur-1,Sub_TERI-12621,Laxmipur-1,MAR-12620,Laxmipur-1,Laxmipur-1,Approved,
ODR-22062310029,Cumilla Distribution Center,C151671,Khorsheda Pharmacy,315.00,54.820,6.300,363.520,23-Jun-2022 10:42 AM,51704 : Md. Robeul Islam,51580 : Subrata Chandra Das   ,51597 : Md. Rakibul Hassan,51704 : Md. Robeul Islam,NT-100,National,CT-100,Chattogram,CT-160,Laxmipur,CT-161,Laxmipur-1,Sub_TERI-12621,Laxmipur-1,MAR-12620,Laxmipur-1,Laxmipur-1,Approved,
ODR-22062310030,Cumilla Distribution Center,C2196427,Patoary Pharmacy,315.00,54.810,6.300,363.510,23-Jun-2022 10:43 AM,51704 : Md. Robeul Islam,51580 : Subrata Chandra Das   ,51597 : Md. Rakibul Hassan,51704 : Md. Robeul Islam,NT-100,National,CT-100,Chattogram,CT-160,Laxmipur,CT-161,Laxmipur-1,Sub_TERI-12621,Laxmipur-1,MAR-12620,Laxmipur-1,Laxmipur-1,Approved,
ODR-22062310031,Cumilla Distribution Center,C2190307,Asura M/H,270.00,46.980,5.400,311.580,23-Jun-2022 10:43 AM,51704 : Md. Robeul Islam,51580 : Subrata Chandra Das   ,51597 : Md. Rakibul Hassan,51704 : Md. Robeul Islam,NT-100,National,CT-100,Chattogram,CT-160,Laxmipur,CT-161,Laxmipur-1,Sub_TERI-12621,Laxmipur-1,MAR-12620,Laxmipur-1,Laxmipur-1,Approved,
ODR-22062310032,Cumilla Distribution Center,C2190824,Joynal Medical Hall,300.00,52.200,6.000,346.200,23-Jun-2022 10:43 AM,51704 : Md. Robeul Islam,51580 : Subrata Chandra Das   ,51597 : Md. Rakibul Hassan,51704 : Md. Robeul Islam,NT-100,National,CT-100,Chattogram,CT-160,Laxmipur,CT-161,Laxmipur-1,Sub_TERI-12621,Laxmipur-1,MAR-12620,Laxmipur-1,Laxmipur-1,Approved,
ODR-22062310055,Cumilla Distribution Center,C2901,Mohshin Medical Hall,157.20,27.360,3.144,181.416,23-Jun-2022 12:04 PM,51704 : Md. Robeul Islam,51580 : Subrata Chandra Das   ,51597 : Md. Rakibul Hassan,51704 : Md. Robeul Islam,NT-100,National,CT-100,Chattogram,CT-160,Laxmipur,CT-161,Laxmipur-1,Sub_TERI-12621,Laxmipur-1,MAR-12620,Laxmipur-1,Laxmipur-1,Approved,
ODR-22062310052,Cumilla Distribution Center,C2195224,Ritu Medical Hall,269.88,46.960,5.398,311.442,23-Jun-2022 11:46 AM,51704 : Md. Robeul Islam,51580 : Subrata Chandra Das   ,51597 : Md. Rakibul Hassan,51704 : Md. Robeul Islam,NT-100,National,CT-100,Chattogram,CT-160,Laxmipur,CT-161,Laxmipur-1,Sub_TERI-12621,Laxmipur-1,MAR-12620,Laxmipur-1,Laxmipur-1,Approved,
ODR-22062310043,Cumilla Distribution Center,C151667,Mim Medical Hall,269.88,46.960,5.398,311.442,23-Jun-2022 11:10 AM,51704 : Md. Robeul Islam,51580 : Subrata Chandra Das   ,51597 : Md. Rakibul Hassan,51704 : Md. Robeul Islam,NT-100,National,CT-100,Chattogram,CT-160,Laxmipur,CT-161,Laxmipur-1,Sub_TERI-12621,Laxmipur-1,MAR-12620,Laxmipur-1,Laxmipur-1,Approved,
ODR-22062310044,Cumilla Distribution Center,C2189187,Talukder Pharmacy,300.00,52.200,6.000,346.200,23-Jun-2022 11:11 AM,51704 : Md. Robeul Islam,51580 : Subrata Chandra Das   ,51597 : Md. Rakibul Hassan,51704 : Md. Robeul Islam,NT-100,National,CT-100,Chattogram,CT-160,Laxmipur,CT-161,Laxmipur-1,Sub_TERI-12621,Laxmipur-1,MAR-12620,Laxmipur-1,Laxmipur-1,Approved,
ODR-22062310036,Cumilla Distribution Center,C2187852,Lokman Pharmacy,2114.40,367.920,63.432,2418.888,23-Jun-2022 10:45 AM,51627 : Sree Sujon Chandra Paul,51580 : Subrata Chandra Das   ,51597 : Md. Rakibul Hassan,51627 : Sree Sujon Chandra Paul,NT-100,National,CT-100,Chattogram,CT-160,Laxmipur,CT-166,Ramgonj,Sub_TERI-12626,Ramgonj,MAR-12625,Ramgonj,Ramgonj,Approved,
ODR-22062310021,Rajshahi Distribution Center,C5803,M/S Taherpur Pharmecy,3629.04,631.490,181.452,4079.078,23-Jun-2022 10:31 AM,51797 : S. M. Al- Mamun,50742 : Md. Habibur Rahman Masud,50752 : Md. Sazzad Ali,51797 : S. M. Al- Mamun,NT-100,National,BG-100,Bogura,BG-120,Rajshahi,BG-127,Rajshahi-4,Sub_TERI-12499,Rajshahi-4,MAR-12498,Rajshahi-4,Niamatpur,Approved,
